sheep,dataset/0.png
sheep,dataset/1.png
sheep,dataset/2.png
sheep,dataset/3.png
sheep,dataset/4.png
sheep,dataset/5.png
sheep,dataset/6.png
sheep,dataset/7.png
sheep,dataset/8.png
sheep,dataset/9.png
sheep,dataset/10.png
sheep,dataset/11.png
sheep,dataset/12.png
sheep,dataset/13.png
sheep,dataset/14.png
sheep,dataset/15.png
sheep,dataset/16.png
sheep,dataset/17.png
sheep,dataset/18.png
sheep,dataset/19.png
sheep,dataset/0.png
sheep,dataset/1.png
sheep,dataset/2.png
sheep,dataset/3.png
sheep,dataset/4.png
sheep,dataset/5.png
sheep,dataset/6.png
sheep,dataset/7.png
sheep,dataset/8.png
sheep,dataset/9.png
sheep,dataset/10.png
sheep,dataset/11.png
sheep,dataset/12.png
sheep,dataset/13.png
sheep,dataset/14.png
sheep,dataset/15.png
sheep,dataset/16.png
sheep,dataset/17.png
sheep,dataset/18.png
sheep,dataset/19.png
sheep,dataset/0.png
sheep,dataset/1.png
sheep,dataset/2.png
sheep,dataset/3.png
sheep,dataset/4.png
sheep,dataset/5.png
sheep,dataset/6.png
sheep,dataset/7.png
sheep,dataset/8.png
sheep,dataset/9.png
sheep,dataset/10.png
sheep,dataset/11.png
sheep,dataset/12.png
sheep,dataset/13.png
sheep,dataset/14.png
sheep,dataset/15.png
sheep,dataset/16.png
sheep,dataset/17.png
sheep,dataset/18.png
sheep,dataset/19.png
sheep,dataset/0.png
sheep,dataset/1.png
sheep,dataset/2.png
sheep,dataset/3.png
sheep,dataset/4.png
sheep,dataset/5.png
sheep,dataset/6.png
sheep,dataset/7.png
sheep,dataset/8.png
sheep,dataset/9.png
sheep,dataset/0.png
sheep,dataset/1.png
sheep,dataset/2.png
sheep,dataset/3.png
sheep,dataset/4.png
sheep,dataset/5.png
sheep,dataset/6.png
sheep,dataset/7.png
sheep,dataset/8.png
sheep,dataset/9.png
sheep,dataset/10.png
sheep,dataset/11.png
sheep,dataset/12.png
sheep,dataset/13.png
sheep,dataset/14.png
sheep,dataset/15.png
sheep,dataset/16.png
sheep,dataset/17.png
sheep,dataset/18.png
sheep,dataset/19.png
sheep,dataset/0.png
sheep,dataset/1.png
sheep,dataset/2.png
sheep,dataset/3.png
sheep,dataset/4.png
sheep,dataset/5.png
sheep,dataset/6.png
sheep,dataset/7.png
sheep,dataset/8.png
sheep,dataset/9.png
sheep,dataset/10.png
sheep,dataset/11.png
sheep,dataset/12.png
sheep,dataset/13.png
sheep,dataset/14.png
sheep,dataset/15.png
sheep,dataset/16.png
sheep,dataset/17.png
sheep,dataset/18.png
sheep,dataset/19.png
