sheep,dataset/sheep/0.png
sheep,dataset/sheep/1.png
sheep,dataset/sheep/2.png
sheep,dataset/sheep/3.png
sheep,dataset/sheep/4.png
sheep,dataset/sheep/5.png
sheep,dataset/sheep/6.png
sheep,dataset/sheep/7.png
sheep,dataset/sheep/8.png
sheep,dataset/sheep/9.png
sheep,dataset/sheep/10.png
sheep,dataset/sheep/11.png
sheep,dataset/sheep/12.png
sheep,dataset/sheep/13.png
sheep,dataset/sheep/14.png
sheep,dataset/sheep/15.png
sheep,dataset/sheep/16.png
sheep,dataset/sheep/17.png
sheep,dataset/sheep/18.png
sheep,dataset/sheep/19.png
sheep,dataset/sheep/20.png
sheep,dataset/sheep/21.png
sheep,dataset/sheep/22.png
sheep,dataset/sheep/23.png
sheep,dataset/sheep/24.png
sheep,dataset/sheep/25.png
sheep,dataset/sheep/26.png
sheep,dataset/sheep/27.png
sheep,dataset/sheep/28.png
sheep,dataset/sheep/29.png
sheep,dataset/sheep/30.png
sheep,dataset/sheep/31.png
sheep,dataset/sheep/32.png
sheep,dataset/sheep/33.png
sheep,dataset/sheep/34.png
sheep,dataset/sheep/35.png
sheep,dataset/sheep/36.png
sheep,dataset/sheep/37.png
sheep,dataset/sheep/38.png
sheep,dataset/sheep/39.png
sheep,dataset/sheep/40.png
sheep,dataset/sheep/41.png
sheep,dataset/sheep/42.png
sheep,dataset/sheep/43.png
sheep,dataset/sheep/44.png
sheep,dataset/sheep/45.png
sheep,dataset/sheep/46.png
sheep,dataset/sheep/47.png
sheep,dataset/sheep/48.png
sheep,dataset/sheep/49.png
sheep,dataset/sheep/50.png
sheep,dataset/sheep/51.png
sheep,dataset/sheep/52.png
sheep,dataset/sheep/53.png
sheep,dataset/sheep/54.png
sheep,dataset/sheep/55.png
sheep,dataset/sheep/56.png
sheep,dataset/sheep/57.png
sheep,dataset/sheep/58.png
sheep,dataset/sheep/59.png
sheep,dataset/sheep/60.png
sheep,dataset/sheep/61.png
sheep,dataset/sheep/62.png
sheep,dataset/sheep/63.png
sheep,dataset/sheep/64.png
sheep,dataset/sheep/65.png
sheep,dataset/sheep/66.png
sheep,dataset/sheep/67.png
sheep,dataset/sheep/68.png
sheep,dataset/sheep/69.png
sheep,dataset/sheep/70.png
sheep,dataset/sheep/71.png
sheep,dataset/sheep/72.png
sheep,dataset/sheep/73.png
sheep,dataset/sheep/74.png
sheep,dataset/sheep/75.png
sheep,dataset/sheep/76.png
sheep,dataset/sheep/77.png
sheep,dataset/sheep/78.png
sheep,dataset/sheep/79.png
sheep,dataset/sheep/80.png
sheep,dataset/sheep/81.png
sheep,dataset/sheep/82.png
sheep,dataset/sheep/83.png
sheep,dataset/sheep/84.png
sheep,dataset/sheep/85.png
sheep,dataset/sheep/86.png
sheep,dataset/sheep/87.png
sheep,dataset/sheep/88.png
sheep,dataset/sheep/89.png
sheep,dataset/sheep/90.png
sheep,dataset/sheep/91.png
sheep,dataset/sheep/92.png
sheep,dataset/sheep/93.png
sheep,dataset/sheep/94.png
sheep,dataset/sheep/95.png
sheep,dataset/sheep/96.png
sheep,dataset/sheep/97.png
sheep,dataset/sheep/98.png
sheep,dataset/sheep/99.png
sheep,dataset/sheep/100.png
sheep,dataset/sheep/101.png
sheep,dataset/sheep/102.png
sheep,dataset/sheep/103.png
sheep,dataset/sheep/104.png
sheep,dataset/sheep/105.png
sheep,dataset/sheep/106.png
sheep,dataset/sheep/107.png
sheep,dataset/sheep/108.png
sheep,dataset/sheep/109.png
sheep,dataset/sheep/110.png
sheep,dataset/sheep/111.png
sheep,dataset/sheep/112.png
sheep,dataset/sheep/113.png
sheep,dataset/sheep/114.png
sheep,dataset/sheep/115.png
sheep,dataset/sheep/116.png
sheep,dataset/sheep/117.png
sheep,dataset/sheep/118.png
sheep,dataset/sheep/119.png
sheep,dataset/sheep/120.png
sheep,dataset/sheep/121.png
sheep,dataset/sheep/122.png
sheep,dataset/sheep/123.png
sheep,dataset/sheep/124.png
sheep,dataset/sheep/125.png
sheep,dataset/sheep/126.png
sheep,dataset/sheep/127.png
sheep,dataset/sheep/128.png
sheep,dataset/sheep/129.png
sheep,dataset/sheep/130.png
sheep,dataset/sheep/131.png
sheep,dataset/sheep/132.png
sheep,dataset/sheep/133.png
sheep,dataset/sheep/134.png
sheep,dataset/sheep/135.png
sheep,dataset/sheep/136.png
sheep,dataset/sheep/137.png
sheep,dataset/sheep/138.png
sheep,dataset/sheep/139.png
sheep,dataset/sheep/140.png
sheep,dataset/sheep/141.png
sheep,dataset/sheep/142.png
sheep,dataset/sheep/143.png
sheep,dataset/sheep/144.png
sheep,dataset/sheep/145.png
sheep,dataset/sheep/146.png
sheep,dataset/sheep/147.png
sheep,dataset/sheep/148.png
sheep,dataset/sheep/149.png
sheep,dataset/sheep/150.png
sheep,dataset/sheep/151.png
sheep,dataset/sheep/152.png
sheep,dataset/sheep/153.png
sheep,dataset/sheep/154.png
sheep,dataset/sheep/155.png
sheep,dataset/sheep/156.png
sheep,dataset/sheep/157.png
sheep,dataset/sheep/158.png
sheep,dataset/sheep/159.png
sheep,dataset/sheep/160.png
sheep,dataset/sheep/161.png
sheep,dataset/sheep/162.png
sheep,dataset/sheep/163.png
sheep,dataset/sheep/164.png
sheep,dataset/sheep/165.png
sheep,dataset/sheep/166.png
sheep,dataset/sheep/167.png
sheep,dataset/sheep/168.png
sheep,dataset/sheep/169.png
sheep,dataset/sheep/170.png
sheep,dataset/sheep/171.png
sheep,dataset/sheep/172.png
sheep,dataset/sheep/173.png
sheep,dataset/sheep/174.png
sheep,dataset/sheep/175.png
sheep,dataset/sheep/176.png
sheep,dataset/sheep/177.png
sheep,dataset/sheep/178.png
sheep,dataset/sheep/179.png
sheep,dataset/sheep/180.png
sheep,dataset/sheep/181.png
sheep,dataset/sheep/182.png
sheep,dataset/sheep/183.png
sheep,dataset/sheep/184.png
sheep,dataset/sheep/185.png
sheep,dataset/sheep/186.png
sheep,dataset/sheep/187.png
sheep,dataset/sheep/188.png
sheep,dataset/sheep/189.png
sheep,dataset/sheep/190.png
sheep,dataset/sheep/191.png
sheep,dataset/sheep/192.png
sheep,dataset/sheep/193.png
sheep,dataset/sheep/194.png
sheep,dataset/sheep/195.png
sheep,dataset/sheep/196.png
sheep,dataset/sheep/197.png
sheep,dataset/sheep/198.png
sheep,dataset/sheep/199.png
sheep,dataset/sheep/200.png
sheep,dataset/sheep/201.png
sheep,dataset/sheep/202.png
sheep,dataset/sheep/203.png
sheep,dataset/sheep/204.png
sheep,dataset/sheep/205.png
sheep,dataset/sheep/206.png
sheep,dataset/sheep/207.png
sheep,dataset/sheep/208.png
sheep,dataset/sheep/209.png
sheep,dataset/sheep/210.png
sheep,dataset/sheep/211.png
sheep,dataset/sheep/212.png
sheep,dataset/sheep/213.png
sheep,dataset/sheep/214.png
sheep,dataset/sheep/215.png
sheep,dataset/sheep/216.png
sheep,dataset/sheep/217.png
sheep,dataset/sheep/218.png
sheep,dataset/sheep/219.png
sheep,dataset/sheep/220.png
sheep,dataset/sheep/221.png
sheep,dataset/sheep/222.png
sheep,dataset/sheep/223.png
sheep,dataset/sheep/224.png
sheep,dataset/sheep/225.png
sheep,dataset/sheep/226.png
sheep,dataset/sheep/227.png
sheep,dataset/sheep/228.png
sheep,dataset/sheep/229.png
sheep,dataset/sheep/230.png
sheep,dataset/sheep/231.png
sheep,dataset/sheep/232.png
sheep,dataset/sheep/233.png
sheep,dataset/sheep/234.png
sheep,dataset/sheep/235.png
sheep,dataset/sheep/236.png
sheep,dataset/sheep/237.png
sheep,dataset/sheep/238.png
sheep,dataset/sheep/239.png
sheep,dataset/sheep/240.png
sheep,dataset/sheep/241.png
sheep,dataset/sheep/242.png
sheep,dataset/sheep/243.png
sheep,dataset/sheep/244.png
sheep,dataset/sheep/245.png
sheep,dataset/sheep/246.png
sheep,dataset/sheep/247.png
sheep,dataset/sheep/248.png
sheep,dataset/sheep/249.png
sheep,dataset/sheep/250.png
sheep,dataset/sheep/251.png
sheep,dataset/sheep/252.png
sheep,dataset/sheep/253.png
sheep,dataset/sheep/254.png
sheep,dataset/sheep/255.png
sheep,dataset/sheep/256.png
sheep,dataset/sheep/257.png
sheep,dataset/sheep/258.png
sheep,dataset/sheep/259.png
sheep,dataset/sheep/260.png
sheep,dataset/sheep/261.png
sheep,dataset/sheep/262.png
sheep,dataset/sheep/263.png
sheep,dataset/sheep/264.png
sheep,dataset/sheep/265.png
sheep,dataset/sheep/266.png
sheep,dataset/sheep/267.png
sheep,dataset/sheep/268.png
sheep,dataset/sheep/269.png
sheep,dataset/sheep/270.png
sheep,dataset/sheep/271.png
sheep,dataset/sheep/272.png
sheep,dataset/sheep/273.png
sheep,dataset/sheep/274.png
sheep,dataset/sheep/275.png
sheep,dataset/sheep/276.png
sheep,dataset/sheep/277.png
sheep,dataset/sheep/278.png
sheep,dataset/sheep/279.png
sheep,dataset/sheep/280.png
sheep,dataset/sheep/281.png
sheep,dataset/sheep/282.png
sheep,dataset/sheep/283.png
sheep,dataset/sheep/284.png
sheep,dataset/sheep/285.png
sheep,dataset/sheep/286.png
sheep,dataset/sheep/287.png
sheep,dataset/sheep/288.png
sheep,dataset/sheep/289.png
sheep,dataset/sheep/290.png
sheep,dataset/sheep/291.png
sheep,dataset/sheep/292.png
sheep,dataset/sheep/293.png
sheep,dataset/sheep/294.png
sheep,dataset/sheep/295.png
sheep,dataset/sheep/296.png
sheep,dataset/sheep/297.png
sheep,dataset/sheep/298.png
sheep,dataset/sheep/299.png
sheep,dataset/sheep/300.png
sheep,dataset/sheep/301.png
sheep,dataset/sheep/302.png
sheep,dataset/sheep/303.png
sheep,dataset/sheep/304.png
sheep,dataset/sheep/305.png
sheep,dataset/sheep/306.png
sheep,dataset/sheep/307.png
sheep,dataset/sheep/308.png
sheep,dataset/sheep/309.png
sheep,dataset/sheep/310.png
sheep,dataset/sheep/311.png
sheep,dataset/sheep/312.png
sheep,dataset/sheep/313.png
sheep,dataset/sheep/314.png
sheep,dataset/sheep/315.png
sheep,dataset/sheep/316.png
sheep,dataset/sheep/317.png
sheep,dataset/sheep/318.png
sheep,dataset/sheep/319.png
sheep,dataset/sheep/320.png
sheep,dataset/sheep/321.png
sheep,dataset/sheep/322.png
sheep,dataset/sheep/323.png
sheep,dataset/sheep/324.png
sheep,dataset/sheep/325.png
sheep,dataset/sheep/326.png
sheep,dataset/sheep/327.png
sheep,dataset/sheep/328.png
sheep,dataset/sheep/329.png
sheep,dataset/sheep/330.png
sheep,dataset/sheep/331.png
sheep,dataset/sheep/332.png
sheep,dataset/sheep/333.png
sheep,dataset/sheep/334.png
sheep,dataset/sheep/335.png
sheep,dataset/sheep/336.png
sheep,dataset/sheep/337.png
sheep,dataset/sheep/338.png
sheep,dataset/sheep/339.png
sheep,dataset/sheep/340.png
sheep,dataset/sheep/341.png
sheep,dataset/sheep/342.png
sheep,dataset/sheep/343.png
sheep,dataset/sheep/344.png
sheep,dataset/sheep/345.png
sheep,dataset/sheep/346.png
sheep,dataset/sheep/347.png
sheep,dataset/sheep/348.png
sheep,dataset/sheep/349.png
sheep,dataset/sheep/350.png
sheep,dataset/sheep/351.png
sheep,dataset/sheep/352.png
sheep,dataset/sheep/353.png
sheep,dataset/sheep/354.png
sheep,dataset/sheep/355.png
sheep,dataset/sheep/356.png
sheep,dataset/sheep/357.png
sheep,dataset/sheep/358.png
sheep,dataset/sheep/359.png
sheep,dataset/sheep/360.png
sheep,dataset/sheep/361.png
sheep,dataset/sheep/362.png
sheep,dataset/sheep/363.png
sheep,dataset/sheep/364.png
sheep,dataset/sheep/365.png
sheep,dataset/sheep/366.png
sheep,dataset/sheep/367.png
sheep,dataset/sheep/368.png
sheep,dataset/sheep/369.png
sheep,dataset/sheep/370.png
sheep,dataset/sheep/371.png
sheep,dataset/sheep/372.png
sheep,dataset/sheep/373.png
sheep,dataset/sheep/374.png
sheep,dataset/sheep/375.png
sheep,dataset/sheep/376.png
sheep,dataset/sheep/377.png
sheep,dataset/sheep/378.png
sheep,dataset/sheep/379.png
sheep,dataset/sheep/380.png
sheep,dataset/sheep/381.png
sheep,dataset/sheep/382.png
sheep,dataset/sheep/383.png
sheep,dataset/sheep/384.png
sheep,dataset/sheep/385.png
sheep,dataset/sheep/386.png
sheep,dataset/sheep/387.png
sheep,dataset/sheep/388.png
sheep,dataset/sheep/389.png
sheep,dataset/sheep/390.png
sheep,dataset/sheep/391.png
sheep,dataset/sheep/392.png
sheep,dataset/sheep/393.png
sheep,dataset/sheep/394.png
sheep,dataset/sheep/395.png
sheep,dataset/sheep/396.png
sheep,dataset/sheep/397.png
sheep,dataset/sheep/398.png
sheep,dataset/sheep/399.png
sheep,dataset/sheep/400.png
sheep,dataset/sheep/401.png
sheep,dataset/sheep/402.png
sheep,dataset/sheep/403.png
sheep,dataset/sheep/404.png
sheep,dataset/sheep/405.png
sheep,dataset/sheep/406.png
sheep,dataset/sheep/407.png
sheep,dataset/sheep/408.png
sheep,dataset/sheep/409.png
sheep,dataset/sheep/410.png
sheep,dataset/sheep/411.png
sheep,dataset/sheep/412.png
sheep,dataset/sheep/413.png
sheep,dataset/sheep/414.png
sheep,dataset/sheep/415.png
sheep,dataset/sheep/416.png
sheep,dataset/sheep/417.png
sheep,dataset/sheep/418.png
sheep,dataset/sheep/419.png
sheep,dataset/sheep/420.png
sheep,dataset/sheep/421.png
sheep,dataset/sheep/422.png
sheep,dataset/sheep/423.png
sheep,dataset/sheep/424.png
sheep,dataset/sheep/425.png
sheep,dataset/sheep/426.png
sheep,dataset/sheep/427.png
sheep,dataset/sheep/428.png
sheep,dataset/sheep/429.png
sheep,dataset/sheep/430.png
sheep,dataset/sheep/431.png
sheep,dataset/sheep/432.png
sheep,dataset/sheep/433.png
sheep,dataset/sheep/434.png
sheep,dataset/sheep/435.png
sheep,dataset/sheep/436.png
sheep,dataset/sheep/437.png
sheep,dataset/sheep/438.png
sheep,dataset/sheep/439.png
sheep,dataset/sheep/440.png
sheep,dataset/sheep/441.png
sheep,dataset/sheep/442.png
sheep,dataset/sheep/443.png
sheep,dataset/sheep/444.png
sheep,dataset/sheep/445.png
sheep,dataset/sheep/446.png
sheep,dataset/sheep/447.png
sheep,dataset/sheep/448.png
sheep,dataset/sheep/449.png
sheep,dataset/sheep/450.png
sheep,dataset/sheep/451.png
sheep,dataset/sheep/452.png
sheep,dataset/sheep/453.png
sheep,dataset/sheep/454.png
sheep,dataset/sheep/455.png
sheep,dataset/sheep/456.png
sheep,dataset/sheep/457.png
sheep,dataset/sheep/458.png
sheep,dataset/sheep/459.png
sheep,dataset/sheep/460.png
sheep,dataset/sheep/461.png
sheep,dataset/sheep/462.png
sheep,dataset/sheep/463.png
sheep,dataset/sheep/464.png
sheep,dataset/sheep/465.png
sheep,dataset/sheep/466.png
sheep,dataset/sheep/467.png
sheep,dataset/sheep/468.png
sheep,dataset/sheep/469.png
sheep,dataset/sheep/470.png
sheep,dataset/sheep/471.png
sheep,dataset/sheep/472.png
sheep,dataset/sheep/473.png
sheep,dataset/sheep/474.png
sheep,dataset/sheep/475.png
sheep,dataset/sheep/476.png
sheep,dataset/sheep/477.png
sheep,dataset/sheep/478.png
sheep,dataset/sheep/479.png
sheep,dataset/sheep/480.png
sheep,dataset/sheep/481.png
sheep,dataset/sheep/482.png
sheep,dataset/sheep/483.png
sheep,dataset/sheep/484.png
sheep,dataset/sheep/485.png
sheep,dataset/sheep/486.png
sheep,dataset/sheep/487.png
sheep,dataset/sheep/488.png
sheep,dataset/sheep/489.png
sheep,dataset/sheep/490.png
sheep,dataset/sheep/491.png
sheep,dataset/sheep/492.png
sheep,dataset/sheep/493.png
sheep,dataset/sheep/494.png
sheep,dataset/sheep/495.png
sheep,dataset/sheep/496.png
sheep,dataset/sheep/497.png
sheep,dataset/sheep/498.png
sheep,dataset/sheep/499.png
sheep,dataset/sheep/500.png
sheep,dataset/sheep/501.png
sheep,dataset/sheep/502.png
sheep,dataset/sheep/503.png
sheep,dataset/sheep/504.png
sheep,dataset/sheep/505.png
sheep,dataset/sheep/506.png
sheep,dataset/sheep/507.png
sheep,dataset/sheep/508.png
sheep,dataset/sheep/509.png
sheep,dataset/sheep/510.png
sheep,dataset/sheep/511.png
sheep,dataset/sheep/512.png
sheep,dataset/sheep/513.png
sheep,dataset/sheep/514.png
sheep,dataset/sheep/515.png
sheep,dataset/sheep/516.png
sheep,dataset/sheep/517.png
sheep,dataset/sheep/518.png
sheep,dataset/sheep/519.png
sheep,dataset/sheep/520.png
sheep,dataset/sheep/521.png
sheep,dataset/sheep/522.png
sheep,dataset/sheep/523.png
sheep,dataset/sheep/524.png
sheep,dataset/sheep/525.png
sheep,dataset/sheep/526.png
sheep,dataset/sheep/527.png
sheep,dataset/sheep/528.png
sheep,dataset/sheep/529.png
sheep,dataset/sheep/530.png
sheep,dataset/sheep/531.png
sheep,dataset/sheep/532.png
sheep,dataset/sheep/533.png
sheep,dataset/sheep/534.png
sheep,dataset/sheep/535.png
sheep,dataset/sheep/536.png
sheep,dataset/sheep/537.png
sheep,dataset/sheep/538.png
sheep,dataset/sheep/539.png
sheep,dataset/sheep/540.png
sheep,dataset/sheep/541.png
sheep,dataset/sheep/542.png
sheep,dataset/sheep/543.png
sheep,dataset/sheep/544.png
sheep,dataset/sheep/545.png
sheep,dataset/sheep/546.png
sheep,dataset/sheep/547.png
sheep,dataset/sheep/548.png
sheep,dataset/sheep/549.png
sheep,dataset/sheep/550.png
sheep,dataset/sheep/551.png
sheep,dataset/sheep/552.png
sheep,dataset/sheep/553.png
sheep,dataset/sheep/554.png
sheep,dataset/sheep/555.png
sheep,dataset/sheep/556.png
sheep,dataset/sheep/557.png
sheep,dataset/sheep/558.png
sheep,dataset/sheep/559.png
sheep,dataset/sheep/560.png
sheep,dataset/sheep/561.png
sheep,dataset/sheep/562.png
sheep,dataset/sheep/563.png
sheep,dataset/sheep/564.png
sheep,dataset/sheep/565.png
sheep,dataset/sheep/566.png
sheep,dataset/sheep/567.png
sheep,dataset/sheep/568.png
sheep,dataset/sheep/569.png
sheep,dataset/sheep/570.png
sheep,dataset/sheep/571.png
sheep,dataset/sheep/572.png
sheep,dataset/sheep/573.png
sheep,dataset/sheep/574.png
sheep,dataset/sheep/575.png
sheep,dataset/sheep/576.png
sheep,dataset/sheep/577.png
sheep,dataset/sheep/578.png
sheep,dataset/sheep/579.png
sheep,dataset/sheep/580.png
sheep,dataset/sheep/581.png
sheep,dataset/sheep/582.png
sheep,dataset/sheep/583.png
sheep,dataset/sheep/584.png
sheep,dataset/sheep/585.png
sheep,dataset/sheep/586.png
sheep,dataset/sheep/587.png
sheep,dataset/sheep/588.png
sheep,dataset/sheep/589.png
sheep,dataset/sheep/590.png
sheep,dataset/sheep/591.png
sheep,dataset/sheep/592.png
sheep,dataset/sheep/593.png
sheep,dataset/sheep/594.png
sheep,dataset/sheep/595.png
sheep,dataset/sheep/596.png
sheep,dataset/sheep/597.png
sheep,dataset/sheep/598.png
sheep,dataset/sheep/599.png
sheep,dataset/sheep/0.png
sheep,dataset/sheep/1.png
sheep,dataset/sheep/2.png
sheep,dataset/sheep/3.png
sheep,dataset/sheep/4.png
sheep,dataset/sheep/5.png
sheep,dataset/sheep/6.png
sheep,dataset/sheep/7.png
sheep,dataset/sheep/8.png
sheep,dataset/sheep/9.png
sheep,dataset/sheep/10.png
sheep,dataset/sheep/11.png
sheep,dataset/sheep/12.png
sheep,dataset/sheep/13.png
sheep,dataset/sheep/14.png
sheep,dataset/sheep/15.png
sheep,dataset/sheep/16.png
sheep,dataset/sheep/17.png
sheep,dataset/sheep/18.png
sheep,dataset/sheep/19.png
sheep,dataset/sheep/20.png
sheep,dataset/sheep/21.png
sheep,dataset/sheep/22.png
sheep,dataset/sheep/23.png
sheep,dataset/sheep/24.png
sheep,dataset/sheep/25.png
sheep,dataset/sheep/26.png
sheep,dataset/sheep/27.png
sheep,dataset/sheep/28.png
sheep,dataset/sheep/29.png
sheep,dataset/sheep/30.png
sheep,dataset/sheep/31.png
sheep,dataset/sheep/32.png
sheep,dataset/sheep/33.png
sheep,dataset/sheep/34.png
sheep,dataset/sheep/35.png
sheep,dataset/sheep/36.png
sheep,dataset/sheep/37.png
sheep,dataset/sheep/38.png
sheep,dataset/sheep/39.png
sheep,dataset/sheep/40.png
sheep,dataset/sheep/41.png
sheep,dataset/sheep/42.png
sheep,dataset/sheep/43.png
sheep,dataset/sheep/44.png
sheep,dataset/sheep/45.png
sheep,dataset/sheep/46.png
sheep,dataset/sheep/47.png
sheep,dataset/sheep/48.png
sheep,dataset/sheep/49.png
sheep,dataset/sheep/50.png
sheep,dataset/sheep/51.png
sheep,dataset/sheep/52.png
sheep,dataset/sheep/53.png
sheep,dataset/sheep/54.png
sheep,dataset/sheep/55.png
sheep,dataset/sheep/56.png
sheep,dataset/sheep/57.png
sheep,dataset/sheep/58.png
sheep,dataset/sheep/59.png
sheep,dataset/sheep/60.png
sheep,dataset/sheep/61.png
sheep,dataset/sheep/62.png
sheep,dataset/sheep/63.png
sheep,dataset/sheep/64.png
sheep,dataset/sheep/65.png
sheep,dataset/sheep/66.png
sheep,dataset/sheep/67.png
sheep,dataset/sheep/68.png
sheep,dataset/sheep/69.png
sheep,dataset/sheep/70.png
sheep,dataset/sheep/71.png
sheep,dataset/sheep/72.png
sheep,dataset/sheep/73.png
sheep,dataset/sheep/74.png
sheep,dataset/sheep/75.png
sheep,dataset/sheep/76.png
sheep,dataset/sheep/77.png
sheep,dataset/sheep/78.png
sheep,dataset/sheep/79.png
sheep,dataset/sheep/80.png
sheep,dataset/sheep/81.png
sheep,dataset/sheep/82.png
sheep,dataset/sheep/83.png
sheep,dataset/sheep/84.png
sheep,dataset/sheep/85.png
sheep,dataset/sheep/86.png
sheep,dataset/sheep/87.png
sheep,dataset/sheep/88.png
sheep,dataset/sheep/89.png
sheep,dataset/sheep/90.png
sheep,dataset/sheep/91.png
sheep,dataset/sheep/92.png
sheep,dataset/sheep/93.png
sheep,dataset/sheep/94.png
sheep,dataset/sheep/95.png
sheep,dataset/sheep/96.png
sheep,dataset/sheep/97.png
sheep,dataset/sheep/98.png
sheep,dataset/sheep/99.png
sheep,dataset/sheep/100.png
sheep,dataset/sheep/101.png
sheep,dataset/sheep/102.png
sheep,dataset/sheep/103.png
sheep,dataset/sheep/104.png
sheep,dataset/sheep/105.png
sheep,dataset/sheep/106.png
sheep,dataset/sheep/107.png
sheep,dataset/sheep/108.png
sheep,dataset/sheep/109.png
sheep,dataset/sheep/110.png
sheep,dataset/sheep/111.png
sheep,dataset/sheep/112.png
sheep,dataset/sheep/113.png
sheep,dataset/sheep/114.png
sheep,dataset/sheep/115.png
sheep,dataset/sheep/116.png
sheep,dataset/sheep/117.png
sheep,dataset/sheep/118.png
sheep,dataset/sheep/119.png
sheep,dataset/sheep/120.png
sheep,dataset/sheep/121.png
sheep,dataset/sheep/122.png
sheep,dataset/sheep/123.png
sheep,dataset/sheep/124.png
sheep,dataset/sheep/125.png
sheep,dataset/sheep/126.png
sheep,dataset/sheep/127.png
sheep,dataset/sheep/128.png
sheep,dataset/sheep/129.png
sheep,dataset/sheep/130.png
sheep,dataset/sheep/131.png
sheep,dataset/sheep/132.png
sheep,dataset/sheep/133.png
sheep,dataset/sheep/134.png
sheep,dataset/sheep/135.png
sheep,dataset/sheep/136.png
sheep,dataset/sheep/137.png
sheep,dataset/sheep/138.png
sheep,dataset/sheep/139.png
sheep,dataset/sheep/140.png
sheep,dataset/sheep/141.png
sheep,dataset/sheep/142.png
sheep,dataset/sheep/143.png
sheep,dataset/sheep/144.png
sheep,dataset/sheep/145.png
sheep,dataset/sheep/146.png
sheep,dataset/sheep/147.png
sheep,dataset/sheep/148.png
sheep,dataset/sheep/149.png
sheep,dataset/sheep/150.png
sheep,dataset/sheep/151.png
sheep,dataset/sheep/152.png
sheep,dataset/sheep/153.png
sheep,dataset/sheep/154.png
sheep,dataset/sheep/155.png
sheep,dataset/sheep/156.png
sheep,dataset/sheep/157.png
sheep,dataset/sheep/158.png
sheep,dataset/sheep/159.png
sheep,dataset/sheep/160.png
sheep,dataset/sheep/161.png
sheep,dataset/sheep/162.png
sheep,dataset/sheep/163.png
sheep,dataset/sheep/164.png
sheep,dataset/sheep/165.png
sheep,dataset/sheep/166.png
sheep,dataset/sheep/167.png
sheep,dataset/sheep/168.png
sheep,dataset/sheep/169.png
sheep,dataset/sheep/170.png
sheep,dataset/sheep/171.png
sheep,dataset/sheep/172.png
sheep,dataset/sheep/173.png
sheep,dataset/sheep/174.png
sheep,dataset/sheep/175.png
sheep,dataset/sheep/176.png
sheep,dataset/sheep/177.png
sheep,dataset/sheep/178.png
sheep,dataset/sheep/179.png
sheep,dataset/sheep/180.png
sheep,dataset/sheep/181.png
sheep,dataset/sheep/182.png
sheep,dataset/sheep/183.png
sheep,dataset/sheep/184.png
sheep,dataset/sheep/185.png
sheep,dataset/sheep/186.png
sheep,dataset/sheep/187.png
sheep,dataset/sheep/188.png
sheep,dataset/sheep/189.png
sheep,dataset/sheep/190.png
sheep,dataset/sheep/191.png
sheep,dataset/sheep/192.png
sheep,dataset/sheep/193.png
sheep,dataset/sheep/194.png
sheep,dataset/sheep/195.png
sheep,dataset/sheep/196.png
sheep,dataset/sheep/197.png
sheep,dataset/sheep/198.png
sheep,dataset/sheep/199.png
sheep,dataset/sheep/200.png
sheep,dataset/sheep/201.png
sheep,dataset/sheep/202.png
sheep,dataset/sheep/203.png
sheep,dataset/sheep/204.png
sheep,dataset/sheep/205.png
sheep,dataset/sheep/206.png
sheep,dataset/sheep/207.png
sheep,dataset/sheep/208.png
sheep,dataset/sheep/209.png
sheep,dataset/sheep/210.png
sheep,dataset/sheep/211.png
sheep,dataset/sheep/212.png
sheep,dataset/sheep/213.png
sheep,dataset/sheep/214.png
sheep,dataset/sheep/215.png
sheep,dataset/sheep/216.png
sheep,dataset/sheep/217.png
sheep,dataset/sheep/218.png
sheep,dataset/sheep/219.png
sheep,dataset/sheep/220.png
sheep,dataset/sheep/221.png
sheep,dataset/sheep/222.png
sheep,dataset/sheep/223.png
sheep,dataset/sheep/224.png
sheep,dataset/sheep/225.png
sheep,dataset/sheep/226.png
sheep,dataset/sheep/227.png
sheep,dataset/sheep/228.png
sheep,dataset/sheep/229.png
sheep,dataset/sheep/230.png
sheep,dataset/sheep/231.png
sheep,dataset/sheep/232.png
sheep,dataset/sheep/233.png
sheep,dataset/sheep/234.png
sheep,dataset/sheep/235.png
sheep,dataset/sheep/236.png
sheep,dataset/sheep/237.png
sheep,dataset/sheep/238.png
sheep,dataset/sheep/239.png
sheep,dataset/sheep/240.png
sheep,dataset/sheep/241.png
sheep,dataset/sheep/242.png
sheep,dataset/sheep/243.png
sheep,dataset/sheep/244.png
sheep,dataset/sheep/245.png
sheep,dataset/sheep/246.png
sheep,dataset/sheep/247.png
sheep,dataset/sheep/248.png
sheep,dataset/sheep/249.png
sheep,dataset/sheep/250.png
sheep,dataset/sheep/251.png
sheep,dataset/sheep/252.png
sheep,dataset/sheep/253.png
sheep,dataset/sheep/254.png
sheep,dataset/sheep/255.png
sheep,dataset/sheep/256.png
sheep,dataset/sheep/257.png
sheep,dataset/sheep/258.png
sheep,dataset/sheep/259.png
sheep,dataset/sheep/260.png
sheep,dataset/sheep/261.png
sheep,dataset/sheep/262.png
sheep,dataset/sheep/263.png
sheep,dataset/sheep/264.png
sheep,dataset/sheep/265.png
sheep,dataset/sheep/266.png
sheep,dataset/sheep/267.png
sheep,dataset/sheep/268.png
sheep,dataset/sheep/269.png
sheep,dataset/sheep/270.png
sheep,dataset/sheep/271.png
sheep,dataset/sheep/272.png
sheep,dataset/sheep/273.png
sheep,dataset/sheep/274.png
sheep,dataset/sheep/275.png
sheep,dataset/sheep/276.png
sheep,dataset/sheep/277.png
sheep,dataset/sheep/278.png
sheep,dataset/sheep/279.png
sheep,dataset/sheep/280.png
sheep,dataset/sheep/281.png
sheep,dataset/sheep/282.png
sheep,dataset/sheep/283.png
sheep,dataset/sheep/284.png
sheep,dataset/sheep/285.png
sheep,dataset/sheep/286.png
sheep,dataset/sheep/287.png
sheep,dataset/sheep/288.png
sheep,dataset/sheep/289.png
sheep,dataset/sheep/290.png
sheep,dataset/sheep/291.png
sheep,dataset/sheep/292.png
sheep,dataset/sheep/293.png
sheep,dataset/sheep/294.png
sheep,dataset/sheep/295.png
sheep,dataset/sheep/296.png
sheep,dataset/sheep/297.png
sheep,dataset/sheep/298.png
sheep,dataset/sheep/299.png
sheep,dataset/sheep/300.png
sheep,dataset/sheep/301.png
sheep,dataset/sheep/302.png
sheep,dataset/sheep/303.png
sheep,dataset/sheep/304.png
sheep,dataset/sheep/305.png
sheep,dataset/sheep/306.png
sheep,dataset/sheep/307.png
sheep,dataset/sheep/308.png
sheep,dataset/sheep/309.png
sheep,dataset/sheep/310.png
sheep,dataset/sheep/311.png
sheep,dataset/sheep/312.png
sheep,dataset/sheep/313.png
sheep,dataset/sheep/314.png
sheep,dataset/sheep/315.png
sheep,dataset/sheep/316.png
sheep,dataset/sheep/317.png
sheep,dataset/sheep/318.png
sheep,dataset/sheep/319.png
sheep,dataset/sheep/320.png
sheep,dataset/sheep/321.png
sheep,dataset/sheep/322.png
sheep,dataset/sheep/323.png
sheep,dataset/sheep/324.png
sheep,dataset/sheep/325.png
sheep,dataset/sheep/326.png
sheep,dataset/sheep/327.png
sheep,dataset/sheep/328.png
sheep,dataset/sheep/329.png
sheep,dataset/sheep/330.png
sheep,dataset/sheep/331.png
sheep,dataset/sheep/332.png
sheep,dataset/sheep/333.png
sheep,dataset/sheep/334.png
sheep,dataset/sheep/335.png
sheep,dataset/sheep/336.png
sheep,dataset/sheep/337.png
sheep,dataset/sheep/338.png
sheep,dataset/sheep/339.png
sheep,dataset/sheep/340.png
sheep,dataset/sheep/341.png
sheep,dataset/sheep/342.png
sheep,dataset/sheep/343.png
sheep,dataset/sheep/344.png
sheep,dataset/sheep/345.png
sheep,dataset/sheep/346.png
sheep,dataset/sheep/347.png
sheep,dataset/sheep/348.png
sheep,dataset/sheep/349.png
sheep,dataset/sheep/350.png
sheep,dataset/sheep/351.png
sheep,dataset/sheep/352.png
sheep,dataset/sheep/353.png
sheep,dataset/sheep/354.png
sheep,dataset/sheep/355.png
sheep,dataset/sheep/356.png
sheep,dataset/sheep/357.png
sheep,dataset/sheep/358.png
sheep,dataset/sheep/359.png
sheep,dataset/sheep/360.png
sheep,dataset/sheep/361.png
sheep,dataset/sheep/362.png
sheep,dataset/sheep/363.png
sheep,dataset/sheep/364.png
sheep,dataset/sheep/365.png
sheep,dataset/sheep/366.png
sheep,dataset/sheep/367.png
sheep,dataset/sheep/368.png
sheep,dataset/sheep/369.png
sheep,dataset/sheep/370.png
sheep,dataset/sheep/371.png
sheep,dataset/sheep/372.png
sheep,dataset/sheep/373.png
sheep,dataset/sheep/374.png
sheep,dataset/sheep/375.png
sheep,dataset/sheep/376.png
sheep,dataset/sheep/377.png
sheep,dataset/sheep/378.png
sheep,dataset/sheep/379.png
sheep,dataset/sheep/380.png
sheep,dataset/sheep/381.png
sheep,dataset/sheep/382.png
sheep,dataset/sheep/383.png
sheep,dataset/sheep/384.png
sheep,dataset/sheep/385.png
sheep,dataset/sheep/386.png
sheep,dataset/sheep/387.png
sheep,dataset/sheep/388.png
sheep,dataset/sheep/389.png
sheep,dataset/sheep/390.png
sheep,dataset/sheep/391.png
sheep,dataset/sheep/392.png
sheep,dataset/sheep/393.png
sheep,dataset/sheep/394.png
sheep,dataset/sheep/395.png
sheep,dataset/sheep/396.png
sheep,dataset/sheep/397.png
sheep,dataset/sheep/398.png
sheep,dataset/sheep/399.png
sheep,dataset/sheep/400.png
sheep,dataset/sheep/401.png
sheep,dataset/sheep/402.png
sheep,dataset/sheep/403.png
sheep,dataset/sheep/404.png
sheep,dataset/sheep/405.png
sheep,dataset/sheep/406.png
sheep,dataset/sheep/407.png
sheep,dataset/sheep/408.png
sheep,dataset/sheep/409.png
sheep,dataset/sheep/410.png
sheep,dataset/sheep/411.png
sheep,dataset/sheep/412.png
sheep,dataset/sheep/413.png
sheep,dataset/sheep/414.png
sheep,dataset/sheep/415.png
sheep,dataset/sheep/416.png
sheep,dataset/sheep/417.png
sheep,dataset/sheep/418.png
sheep,dataset/sheep/419.png
sheep,dataset/sheep/420.png
sheep,dataset/sheep/421.png
sheep,dataset/sheep/422.png
sheep,dataset/sheep/423.png
sheep,dataset/sheep/424.png
sheep,dataset/sheep/425.png
sheep,dataset/sheep/426.png
sheep,dataset/sheep/427.png
sheep,dataset/sheep/428.png
sheep,dataset/sheep/429.png
sheep,dataset/sheep/430.png
sheep,dataset/sheep/431.png
sheep,dataset/sheep/432.png
sheep,dataset/sheep/433.png
sheep,dataset/sheep/434.png
sheep,dataset/sheep/435.png
sheep,dataset/sheep/436.png
sheep,dataset/sheep/437.png
sheep,dataset/sheep/438.png
sheep,dataset/sheep/439.png
sheep,dataset/sheep/440.png
sheep,dataset/sheep/441.png
sheep,dataset/sheep/442.png
sheep,dataset/sheep/443.png
sheep,dataset/sheep/444.png
sheep,dataset/sheep/445.png
sheep,dataset/sheep/446.png
sheep,dataset/sheep/447.png
sheep,dataset/sheep/448.png
sheep,dataset/sheep/449.png
sheep,dataset/sheep/450.png
sheep,dataset/sheep/451.png
sheep,dataset/sheep/452.png
sheep,dataset/sheep/453.png
sheep,dataset/sheep/454.png
sheep,dataset/sheep/455.png
sheep,dataset/sheep/456.png
sheep,dataset/sheep/457.png
sheep,dataset/sheep/458.png
sheep,dataset/sheep/459.png
sheep,dataset/sheep/460.png
sheep,dataset/sheep/461.png
sheep,dataset/sheep/462.png
sheep,dataset/sheep/463.png
sheep,dataset/sheep/464.png
sheep,dataset/sheep/465.png
sheep,dataset/sheep/466.png
sheep,dataset/sheep/467.png
sheep,dataset/sheep/468.png
sheep,dataset/sheep/469.png
sheep,dataset/sheep/470.png
sheep,dataset/sheep/471.png
sheep,dataset/sheep/472.png
sheep,dataset/sheep/473.png
sheep,dataset/sheep/474.png
sheep,dataset/sheep/475.png
sheep,dataset/sheep/476.png
sheep,dataset/sheep/477.png
sheep,dataset/sheep/478.png
sheep,dataset/sheep/479.png
sheep,dataset/sheep/480.png
sheep,dataset/sheep/481.png
sheep,dataset/sheep/482.png
sheep,dataset/sheep/483.png
sheep,dataset/sheep/484.png
sheep,dataset/sheep/485.png
sheep,dataset/sheep/486.png
sheep,dataset/sheep/487.png
sheep,dataset/sheep/488.png
sheep,dataset/sheep/489.png
sheep,dataset/sheep/490.png
sheep,dataset/sheep/491.png
sheep,dataset/sheep/492.png
sheep,dataset/sheep/493.png
sheep,dataset/sheep/494.png
sheep,dataset/sheep/495.png
sheep,dataset/sheep/496.png
sheep,dataset/sheep/497.png
sheep,dataset/sheep/498.png
sheep,dataset/sheep/499.png
sheep,dataset/sheep/500.png
sheep,dataset/sheep/501.png
sheep,dataset/sheep/502.png
sheep,dataset/sheep/503.png
sheep,dataset/sheep/504.png
sheep,dataset/sheep/505.png
sheep,dataset/sheep/506.png
sheep,dataset/sheep/507.png
sheep,dataset/sheep/508.png
sheep,dataset/sheep/509.png
sheep,dataset/sheep/510.png
sheep,dataset/sheep/511.png
sheep,dataset/sheep/512.png
sheep,dataset/sheep/513.png
sheep,dataset/sheep/514.png
sheep,dataset/sheep/515.png
sheep,dataset/sheep/516.png
sheep,dataset/sheep/517.png
sheep,dataset/sheep/518.png
sheep,dataset/sheep/519.png
sheep,dataset/sheep/520.png
sheep,dataset/sheep/521.png
sheep,dataset/sheep/522.png
sheep,dataset/sheep/523.png
sheep,dataset/sheep/524.png
sheep,dataset/sheep/525.png
sheep,dataset/sheep/526.png
sheep,dataset/sheep/527.png
sheep,dataset/sheep/528.png
sheep,dataset/sheep/529.png
sheep,dataset/sheep/530.png
sheep,dataset/sheep/531.png
sheep,dataset/sheep/532.png
sheep,dataset/sheep/533.png
sheep,dataset/sheep/534.png
sheep,dataset/sheep/535.png
sheep,dataset/sheep/536.png
sheep,dataset/sheep/537.png
sheep,dataset/sheep/538.png
sheep,dataset/sheep/539.png
sheep,dataset/sheep/540.png
sheep,dataset/sheep/541.png
sheep,dataset/sheep/542.png
sheep,dataset/sheep/543.png
sheep,dataset/sheep/544.png
sheep,dataset/sheep/545.png
sheep,dataset/sheep/546.png
sheep,dataset/sheep/547.png
sheep,dataset/sheep/548.png
sheep,dataset/sheep/549.png
sheep,dataset/sheep/550.png
sheep,dataset/sheep/551.png
sheep,dataset/sheep/552.png
sheep,dataset/sheep/553.png
sheep,dataset/sheep/554.png
sheep,dataset/sheep/555.png
sheep,dataset/sheep/556.png
sheep,dataset/sheep/557.png
sheep,dataset/sheep/558.png
sheep,dataset/sheep/559.png
sheep,dataset/sheep/560.png
sheep,dataset/sheep/561.png
sheep,dataset/sheep/562.png
sheep,dataset/sheep/563.png
sheep,dataset/sheep/564.png
sheep,dataset/sheep/565.png
sheep,dataset/sheep/566.png
sheep,dataset/sheep/567.png
sheep,dataset/sheep/568.png
sheep,dataset/sheep/569.png
sheep,dataset/sheep/570.png
sheep,dataset/sheep/571.png
sheep,dataset/sheep/572.png
sheep,dataset/sheep/573.png
sheep,dataset/sheep/574.png
sheep,dataset/sheep/575.png
sheep,dataset/sheep/576.png
sheep,dataset/sheep/577.png
sheep,dataset/sheep/578.png
sheep,dataset/sheep/579.png
sheep,dataset/sheep/580.png
sheep,dataset/sheep/581.png
sheep,dataset/sheep/582.png
sheep,dataset/sheep/583.png
sheep,dataset/sheep/584.png
sheep,dataset/sheep/585.png
sheep,dataset/sheep/586.png
sheep,dataset/sheep/587.png
sheep,dataset/sheep/588.png
sheep,dataset/sheep/589.png
sheep,dataset/sheep/590.png
sheep,dataset/sheep/591.png
sheep,dataset/sheep/592.png
sheep,dataset/sheep/593.png
sheep,dataset/sheep/594.png
sheep,dataset/sheep/595.png
sheep,dataset/sheep/596.png
sheep,dataset/sheep/597.png
sheep,dataset/sheep/598.png
sheep,dataset/sheep/599.png
sheep,dataset/sheep/0.png
sheep,dataset/sheep/1.png
sheep,dataset/sheep/2.png
sheep,dataset/sheep/3.png
sheep,dataset/sheep/4.png
sheep,dataset/sheep/5.png
sheep,dataset/sheep/6.png
sheep,dataset/sheep/7.png
sheep,dataset/sheep/8.png
sheep,dataset/sheep/9.png
sheep,dataset/sheep/10.png
sheep,dataset/sheep/11.png
sheep,dataset/sheep/12.png
sheep,dataset/sheep/13.png
sheep,dataset/sheep/14.png
sheep,dataset/sheep/15.png
sheep,dataset/sheep/16.png
sheep,dataset/sheep/17.png
sheep,dataset/sheep/18.png
sheep,dataset/sheep/19.png
sheep,dataset/sheep/20.png
sheep,dataset/sheep/21.png
sheep,dataset/sheep/22.png
sheep,dataset/sheep/23.png
sheep,dataset/sheep/24.png
sheep,dataset/sheep/25.png
sheep,dataset/sheep/26.png
sheep,dataset/sheep/27.png
sheep,dataset/sheep/28.png
sheep,dataset/sheep/29.png
sheep,dataset/sheep/30.png
sheep,dataset/sheep/31.png
sheep,dataset/sheep/32.png
sheep,dataset/sheep/33.png
sheep,dataset/sheep/34.png
sheep,dataset/sheep/35.png
sheep,dataset/sheep/36.png
sheep,dataset/sheep/37.png
sheep,dataset/sheep/38.png
sheep,dataset/sheep/39.png
sheep,dataset/sheep/40.png
sheep,dataset/sheep/41.png
sheep,dataset/sheep/42.png
sheep,dataset/sheep/43.png
sheep,dataset/sheep/44.png
sheep,dataset/sheep/45.png
sheep,dataset/sheep/46.png
sheep,dataset/sheep/47.png
sheep,dataset/sheep/48.png
sheep,dataset/sheep/49.png
sheep,dataset/sheep/50.png
sheep,dataset/sheep/51.png
sheep,dataset/sheep/52.png
sheep,dataset/sheep/53.png
sheep,dataset/sheep/54.png
sheep,dataset/sheep/55.png
sheep,dataset/sheep/56.png
sheep,dataset/sheep/57.png
sheep,dataset/sheep/58.png
sheep,dataset/sheep/59.png
sheep,dataset/sheep/0.png
sheep,dataset/sheep/1.png
sheep,dataset/sheep/2.png
sheep,dataset/sheep/3.png
sheep,dataset/sheep/4.png
sheep,dataset/sheep/5.png
sheep,dataset/sheep/6.png
sheep,dataset/sheep/7.png
sheep,dataset/sheep/8.png
sheep,dataset/sheep/9.png
sheep,dataset/sheep/10.png
sheep,dataset/sheep/11.png
sheep,dataset/sheep/12.png
sheep,dataset/sheep/13.png
sheep,dataset/sheep/14.png
sheep,dataset/sheep/15.png
sheep,dataset/sheep/16.png
sheep,dataset/sheep/17.png
sheep,dataset/sheep/18.png
sheep,dataset/sheep/19.png
sheep,dataset/sheep/20.png
sheep,dataset/sheep/21.png
sheep,dataset/sheep/22.png
sheep,dataset/sheep/23.png
sheep,dataset/sheep/24.png
sheep,dataset/sheep/25.png
sheep,dataset/sheep/26.png
sheep,dataset/sheep/27.png
sheep,dataset/sheep/28.png
sheep,dataset/sheep/29.png
sheep,dataset/sheep/30.png
sheep,dataset/sheep/31.png
sheep,dataset/sheep/32.png
sheep,dataset/sheep/33.png
sheep,dataset/sheep/34.png
sheep,dataset/sheep/35.png
sheep,dataset/sheep/36.png
sheep,dataset/sheep/37.png
sheep,dataset/sheep/38.png
sheep,dataset/sheep/39.png
sheep,dataset/sheep/40.png
sheep,dataset/sheep/41.png
sheep,dataset/sheep/42.png
sheep,dataset/sheep/43.png
sheep,dataset/sheep/44.png
sheep,dataset/sheep/45.png
sheep,dataset/sheep/46.png
sheep,dataset/sheep/47.png
sheep,dataset/sheep/48.png
sheep,dataset/sheep/49.png
sheep,dataset/sheep/50.png
sheep,dataset/sheep/51.png
sheep,dataset/sheep/52.png
sheep,dataset/sheep/53.png
sheep,dataset/sheep/54.png
sheep,dataset/sheep/55.png
sheep,dataset/sheep/56.png
sheep,dataset/sheep/57.png
sheep,dataset/sheep/58.png
sheep,dataset/sheep/59.png
